<?xml version="1.0" encoding="UTF-8" ?>
<module>
    <name>dashproducts</name>
    <displayName><![CDATA[Produtos do Painel]]></displayName>
    <version><![CDATA[2.1.4]]></version>
    <description><![CDATA[Enrique&ccedil;a suas estat&iacute;sticas: Mostre uma tabela com seus &uacute;ltimos pedidos e um ranking de produtos.]]></description>
    <author><![CDATA[PrestaShop]]></author>
    <tab><![CDATA[administration]]></tab>
    <is_configurable>0</is_configurable>
    <need_instance>1</need_instance>
</module>