<?xml version="1.0" encoding="UTF-8" ?>
<module>
    <name>graphnvd3</name>
    <displayName><![CDATA[NVD3 Gr&aacute;ficos]]></displayName>
    <version><![CDATA[2.0.3]]></version>
    <description><![CDATA[Ativa o c&oacute;digo de gr&aacute;fico NVD3 para seu uso pr&oacute;prio, oferecendo a voc&ecirc; os sempre t&atilde;o &uacute;teis gr&aacute;ficos.]]></description>
    <author><![CDATA[PrestaShop]]></author>
    <tab><![CDATA[administration]]></tab>
    <is_configurable>0</is_configurable>
    <need_instance>0</need_instance>
</module>