<?xml version="1.0" encoding="UTF-8" ?>
<module>
    <name>dashtrends</name>
    <displayName><![CDATA[Tend&ecirc;ncias do Painel]]></displayName>
    <version><![CDATA[2.1.3]]></version>
    <description><![CDATA[Enrique&ccedil;a seu painel: mostre uma representa&ccedil;&atilde;o gr&aacute;fica do desenvolvimento de sua loja.]]></description>
    <author><![CDATA[PrestaShop]]></author>
    <tab><![CDATA[administration]]></tab>
    <is_configurable>0</is_configurable>
    <need_instance>1</need_instance>
</module>